{"count":1,"self":1650.8644352,"total":5493.2283389999993,"children":{"InitializeActuators":{"count":4,"self":0.0029965,"total":0.0029965,"children":null},"InitializeSensors":{"count":4,"self":0.0039911999999999994,"total":0.0039911999999999994,"children":null},"AgentSendState":{"count":769917,"self":16.985015999999998,"total":113.2428083,"children":{"CollectObservations":{"count":615936,"self":39.5451488,"total":39.5451499,"children":null},"WriteActionMask":{"count":615936,"self":2.5935837999999998,"total":2.5935837999999998,"children":null},"RequestDecision":{"count":615936,"self":7.7823864,"total":54.1190582,"children":{"AgentInfo.ToProto":{"count":615936,"self":7.190112,"total":46.336672,"children":{"GenerateSensorData":{"count":615936,"self":39.14656,"total":39.146559599999996,"children":null}}}}}}},"DecideAction":{"count":769917,"self":3678.2137344,"total":3678.2137291,"children":null},"AgentAct":{"count":769917,"self":48.1185664,"total":48.118564799999994,"children":null},"AgentInfo.ToProto":{"count":27181,"self":0.5135211,"total":2.7798496,"children":{"GenerateSensorData":{"count":27181,"self":2.2663284,"total":2.2663284999999997,"children":null}}}},"gauges":{"WalkerLatent.CumulativeReward":{"count":27181,"max":50.4234352,"min":-2,"runningAverage":7.208916,"value":19.4780064,"weightedAverage":15.2050953}},"metadata":{"timer_format_version":"0.1.0","start_time_seconds":"1624964371","unity_version":"2019.4.26f1","command_line_arguments":"C:\\Program Files\\Unity\\Hub\\Editor\\2019.4.26f1\\Editor\\Unity.exe -projectpath C:\/Users\/nicol\/Work\/Master\/dissertation\/SkeletonAwareSimulation -useHub -hubIPC -cloudEnvironment production -hubSessionId 1803ba30-d8c0-11eb-b92d-616490cdfcc7 -accessToken LZr2PzHbE-s6TZV4uN4uLrJZdErJpjkkUpz958jA3yQ012f","communication_protocol_version":"1.5.0","com.unity.ml-agents_version":"2.1.0-exp.1","scene_name":"SAS_Learn","end_time_seconds":"1624969864"}}